{"stat.flyOneCm":867,"stat.walkOneCm":10397,"stat.jump":18,"stat.playOneMinute":1057,"stat.fallOneCm":209,"stat.pickup.mysticalworld.aubergine_seed":2,"stat.leaveGame":1,"stat.sneakTime":4,"stat.mineBlock.minecraft.log2":1,"stat.crouchOneCm":40,"stat.mineBlock.minecraft.yellow_flower":1,"stat.timeSinceDeath":1057,"stat.mineBlock.minecraft.double_plant":2,"stat.pickup.minecraft.dirt":1,"stat.mineBlock.minecraft.dirt":1,"stat.sprintOneCm":744,"stat.pickup.minecraft.log2":1,"stat.mineBlock.minecraft.tallgrass":71}