{
  "astralsorcery:root": {
    "criteria": {
      "astralsorcery_present": "2024-06-16 02:11:17 +0000"
    },
    "done": true
  },
  "minecraft:recipes/building_blocks/acacia_planks": {
    "criteria": {
      "has_log2": "2024-06-16 02:12:01 +0000"
    },
    "done": true
  },
  "mysticalworld:root": {
    "criteria": {
      "auto": "2024-06-16 02:11:16 +0000"
    },
    "done": true
  },
  "minecraft:adventure/adventuring_time": {
    "criteria": {
      "savanna": "2024-06-16 02:11:40 +0000",
      "plains": "2024-06-16 02:11:16 +0000"
    },
    "done": false
  }
}